bookTitle,bookId,ISBN,bookAuthor,yearOfPublication,publisher
1984,0,451524934,George Orwell,1990,Signet Book
1st to Die: A Novel,1,446610038,James Patterson,2002,Warner Vision
2nd Chance,2,446612790,James Patterson,2003,Warner Vision
4 Blondes,3,451203895,Candace Bushnell,2002,Signet Book
84 Charing Cross Road,4,140143505,Helene Hanff,1990,Penguin Books
A Bend in the Road,5,446527785,Nicholas Sparks,2001,Warner Books
A Case of Need,6,451183665,Michael Crichton,1994,Signet Book
"A Child Called \It\"": One Child's Courage to Survive""",7,1558743669,Dave Pelzer,1995,Health Communications
A Civil Action,8,679772677,JONATHAN HARR,1996,Vintage
A Cry In The Night,9,671886665,Mary Higgins Clark,1993,Pocket
A Darkness More Than Night,10,446667900,Michael Connelly,2002,Warner Vision
A Day Late and a Dollar Short,11,670896764,Terry McMillan,2001,Viking Books
A Fine Balance,12,140003065X,Rohinton Mistry,2001,Vintage Books USA
A Great Deliverance,13,553278029,Elizabeth George,1989,Bantam Books
A Heartbreaking Work of Staggering Genius,14,375725784,Dave Eggers,2001,Vintage Books USA
A Is for Alibi (Kinsey Millhone Mysteries (Paperback)),15,553279912,SUE GRAFTON,1987,Bantam
A Lesson Before Dying (Vintage Contemporaries (Paperback)),16,375702709,Ernest J. Gaines,1997,Vintage Books USA
A Man Named Dave: A Story of Triumph and Forgiveness,17,525945210,David J. Pelzer,1999,Dutton Books
A Man in Full,18,374270325,Tom Wolfe,1998,Farrar Straus &amp; Giroux
A Map of the World,19,385720106,Jane Hamilton,1999,Anchor Books/Doubleday
A Painted House,20,038550120X,JOHN GRISHAM,2001,Doubleday
A Patchwork Planet,21,080411918X,ANNE TYLER,2001,Ballantine Books
A Prayer for Owen Meany,22,345361792,John Irving,1990,Ballantine Books
A Thin Dark Line (Mysteries &amp; Horror),23,553571885,TAMI HOAG,1998,Bantam
A Thousand Acres (Ballantine Reader's Circle),24,449907481,JANE SMILEY,1992,Ballantine Books
A Time to Kill,25,440211727,JOHN GRISHAM,1992,Dell
A Virtuous Woman (Oprah's Book Club (Paperback)),26,375703063,Kaye Gibbons,1997,Vintage Books
A Walk to Remember,27,446608955,Nicholas Sparks,2000,Warner Books
A Widow for One Year,28,345424719,JOHN IRVING,1999,Ballantine Books
A Wrinkle In Time,29,440498058,MADELEINE L'ENGLE,1998,Yearling
A Wrinkle in Time,30,440220394,L'Engle Madelein,1996,Laurel-Leaf Books
A Year in Provence,31,679731148,Peter Mayle,1991,Vintage Books USA
ANGELA'S ASHES,32,684874350,Frank McCourt,1996,Scribner
Abduction,33,042517736X,Robin Cook,2000,Berkley Publishing Group
About a Boy,34,1573227331,Nick Hornby,1999,Riverhead Books
Absolute Power,35,446519960,David Baldacci,1996,Warner Books
Acceptable Risk,36,425151867,Robin Cook,1996,Berkley Publishing Group
Accident,37,385306024,Danielle Steel,1994,Delacorte Press
Airframe,38,679446486,Michael Crichton,1996,Alfred A. Knopf
Alaska,39,449217264,James A. Michener,1994,Fawcett Books
All Around the Town,40,671793489,Mary Higgins Clark,1993,Pocket Star
All Creatures Great and Small,41,553268120,James Herriot,1985,Bantam Books
All I Really Need to Know,42,080410526X,ROBERT FULGHUM,1989,Ivy Books
All That Remains (Kay Scarpetta Mysteries (Paperback)),43,380718332,Patricia D. Cornwell,1993,Avon
"All the Pretty Horses (The Border Trilogy, Vol 1)",44,679744398,CORMAC MCCARTHY,1993,Vintage
Along Came a Spider (Alex Cross Novels),45,446364193,James Patterson,1993,Warner Books
American Gods,46,380789035,Neil Gaiman,2002,HarperTorch
And Then You Die,47,553579983,Iris Johansen,1998,Bantam
Angela's Ashes (MMP) : A Memoir,48,684872153,Frank McCourt,1999,Scribner
Angela's Ashes: A Memoir,49,068484267X,Frank McCourt,1999,Scribner
Angels,50,849911672,Billy Graham,1994,Thomas Nelson
Angels &amp; Demons,51,671027360,Dan Brown,2001,Pocket Star
"Angus, Thongs and Full-Frontal Snogging: Confessions of Georgia Nicolson",52,64472272,Louise Rennison,2001,HarperTempest
Animal Dreams,53,60921145,Barbara Kingsolver,1991,Perennial
Animal Farm,54,451526341,George Orwell,2004,Signet
Anne Frank: The Diary of a Young Girl,55,553296981,ANNE FRANK,1993,Bantam
Anne of Avonlea (Anne of Green Gables Novels (Paperback)),56,553213148,L.M. MONTGOMERY,1984,Bantam Classics
Anne of Green Gables (Anne of Green Gables Novels (Paperback)),57,553153277,L.M. Montgomery,1984,Skylark
Anne of the Island,58,553213172,Lucy Maud Montgomery,1983,Bantam Classics
"Artemis Fowl (Artemis Fowl, Book 1)",59,786817879,Eoin Colfer,2003,Miramax Kids
Ashes to Ashes,60,553579606,TAMI HOAG,2000,Bantam
At Home in Mitford (The Mitford Years),61,014025448X,Jan Karon,1996,Viking Books
Atonement : A Novel,62,038572179X,IAN MCEWAN,2003,Anchor
B Is for Burglar (Kinsey Millhone Mysteries (Paperback)),63,553280341,Sue Grafton,1986,Bantam
Back Roads,64,670894184,Tawni O'Dell,2000,Viking Books
Bag of Bones,65,067102423X,Stephen King,1999,Pocket
Balzac and the Little Chinese Seamstress : A Novel,66,385722206,DAI SIJIE,2002,Anchor
Bastard Out of Carolina,67,452269571,Dorothy Allison,1993,Plume Books
Beach House,68,1551668998,Mary Alice Monroe,2002,Mira
Beach Music,69,385413041,PAT CONROY,1995,Nan A. Talese
Before I Say Good-Bye,70,671004573,Mary Higgins Clark,2001,Pocket
Bel Canto: A Novel,71,60934417,Ann Patchett,2002,Perennial
Beloved,72,345327853,BERTRICE SMALL,1985,Ballantine Books
Beloved (Plume Contemporary Fiction),73,452264464,Toni Morrison,1994,Plume
Betrayal in Death,74,425178579,Nora Roberts,2001,Berkley Publishing Group
Big Cherry Holler: A Big Stone Gap Novel (Ballantine Reader's Circle),75,345445848,Adriana Trigiani,2002,Ballantine Books
Big Stone Gap: A Novel (Ballantine Reader's Circle),76,345438329,Adriana Trigiani,2001,Ballantine Books
Big Trouble,77,425178102,Dave Barry,2001,Berkley Publishing Group
Billy Straight : A Novel,78,345413865,JONATHAN KELLERMAN,1999,Ballantine Books
Birthright,79,515137111,Nora Roberts,2004,Jove Books
Bittersweet,80,440224845,DANIELLE STEEL,2000,Dell
Black House,81,345441036,Stephen King,2002,Ballantine Books
Black Notice,82,425175405,Patricia Daniels Cornwell,2000,Berkley Publishing Group
Black and Blue,83,440226104,ANNA QUINDLEN,1999,Dell
Bleachers,84,385511612,John Grisham,2003,Doubleday
Blessings,85,375502238,ANNA QUINDLEN,2002,Random House
Blood Work,86,446602620,Michael Connelly,1998,Warner Books
Blue Diary,87,425184943,Alice Hoffman,2002,Berkley Publishing Group
Body of Evidence (Kay Scarpetta Mysteries (Paperback)),88,380717018,Patricia D. Cornwell,1992,Avon
Body of Lies,89,553800973,IRIS JOHANSEN,2002,Bantam
Brave New World,90,60929871,Aldous Huxley,1998,Perennial
"Breath, Eyes, Memory",91,037570504X,Edwidge Danticat,1998,Vintage Books USA
Breathing Lessons,92,042516313X,Anne Tyler,1998,Berkley Publishing Group
Bridge to Terabithia,93,380432811,Katherine Paterson,1979,Avon Books
Bridget Jones : The Edge of Reason,94,670892963,Helen Fielding,2000,Viking Books
Bridget Jones's Diary,95,014028009X,Helen Fielding,1999,Penguin Books
Bridget Jones: The Edge of Reason,96,140298479,Helen Fielding,2001,Penguin Books
By the Light of the Moon,97,553801430,DEAN KOONTZ,2002,Bantam
C Is for Corpse (Kinsey Millhone Mysteries (Paperback)),98,553280368,Sue Grafton,1987,Bantam
CAT'S EYE,99,553282476,MARGARET ATWOOD,1989,Bantam
Call of the Wild,100,1559029838,Jack London,0,Selldowns/no More Orders
Carnal Innocence,101,553295977,Nora Roberts,1992,Bantam Books
Carolina Moon,102,515130389,Nora Roberts,2001,Jove Books
Carrie,103,671039725,Stephen King,2002,Pocket
Cat &amp; Mouse (Alex Cross Novels),104,446606189,James Patterson,1998,Warner Books
Catering to Nobody,105,044922046X,Diane Mott Davidson,1995,Fawcett Books
Cause of Death,106,425158616,Patricia Daniels Cornwell,1997,Berkley Publishing Group
Certain Prey,107,425174271,John Sandford,2000,Berkley Publishing Group
Charlotte's Web (Trophy Newbery),108,64400557,E. B. White,1974,HarperTrophy
Charming Billy,109,038533334X,Alice McDermott,1999,Delta
Chicken Soup for the Soul (Chicken Soup for the Soul),110,155874262X,Jack Canfield,1993,Health Communications
Chicken Soup for the Woman's Soul (Chicken Soup for the Soul Series (Paper)),111,1558744150,Jack Canfield,1996,Health Communications
Chocolat,112,014100018X,Joanne Harris,2000,Penguin Books
Choke,113,385720920,CHUCK PALAHNIUK,2002,Anchor
Chosen Prey,114,425182878,John Sandford,2004,Berkley Publishing Group
Christine,115,451128370,Stephen King,1983,Penguin Putnam~mass
Chromosome 6,116,425161242,Robin Cook,2000,Berkley Publishing Group
Circle of Friends,117,440211263,Maeve Binchy,1991,Dell
Clear and Present Danger (Jack Ryan Novels),118,425122123,Tom Clancy,1996,Berkley Publishing Group
Cold Mountain,119,871136791,Charles Frazier,1997,Atlantic Monthly Press
Cold Mountain : A Novel,120,375700757,CHARLES FRAZIER,1998,Vintage
Cold Sassy Tree,121,440514428,Olive Ann Burns,1986,Dell Publishing Company
Colony,122,61099708,Anne Rivers Siddons,1993,HarperTorch
Coming Home,123,312958129,Rosamunde Pilcher,1996,St. Martin's Press
Confessions of a Shopaholic (Summer Display Opportunity),124,385335482,SOPHIE KINSELLA,2001,Delta
Confessions of an Ugly Stepsister : A Novel,125,60987529,Gregory Maguire,2000,Regan Books
Congo,126,345378490,Michael Crichton,1995,Ballantine Books
Contact,127,671004107,Carl Sagan,1997,Pocket
Contagion,128,425155943,Robin Cook,1998,Berkley Publishing Group
Coraline,129,380977788,Neil Gaiman,2002,HarperCollins
Couplehood,130,553096834,Paul Reiser,1994,Bantam Dell Pub Group
Cradle and All,131,446609404,James Patterson,2001,Warner Vision
Crazy for You,132,312198493,Jennifer Crusie,1999,St Martins Pr
Cruel &amp; Unusual (Kay Scarpetta Mysteries (Paperback)),133,380718340,Patricia D. Cornwell,1994,Avon
Cry Wolf,134,055356160X,TAMI HOAG,1993,Bantam
Cujo,135,451161351,Stephen King,2004,Signet Book
D Is for Deadbeat (Kinsey Millhone Mysteries (Paperback)),136,553271636,Sue Grafton,1988,Bantam
Daddy,137,440207622,DANIELLE STEEL,1990,Dell
Daddy's Little Girl,138,743460529,Mary Higgins Clark,2003,Pocket
Daisy Fay and the Miracle Man,139,446394521,Fannie Flagg,1992,Warner Books
Dance upon the Air (Three Sisters Island Trilogy),140,515131229,Nora Roberts,2003,Jove Books
Dances With Wolves,141,449134482,Michael Blake,1990,Fawcett Books
Dangerous,142,821759744,Becky Barker,1997,Kensington Publishing Corporation
Dark Angel,143,553287397,Sally Beauman,1991,Bantam Books
Dark Paradise,144,553561618,TAMI HOAG,1994,Bantam
Dark Rivers of the Heart,145,034539657X,Dean R. Koontz,1995,Ballantine Books
Dawn (Cutler),146,671670689,V.C. Andrews,1990,Pocket
Dead Run,147,1551666839,Erica Spindler,2003,Mira
Death du Jour,148,671011375,Kathy Reichs,2000,Pocket
Debt of Honor (Jack Ryan Novels),149,425147584,Tom Clancy,1997,Berkley Publishing Group
Deception Point,150,671027387,Dan Brown,2002,Pocket
Deck the Halls (Holiday Classics),151,743418131,Mary Higgins Clark,2002,Pocket
Degree of Guilt,152,034538184X,Richard North Patterson,1995,Ballantine Books
Deja Dead,153,671011367,Kathy Reichs,1998,Pocket
Desperation,154,451188462,Stephen King,1997,Signet Book
Devices and Desires,155,446359750,Phyllis White,1991,Warner Books
Different Seasons,156,451139682,Stephen King,1983,Signet Book
Digital Fortress : A Thriller,157,312263120,Dan Brown,2000,St. Martin's Griffin
Disclosure,158,345391055,Michael Crichton,1994,Ballantine Books
Divine Secrets of the Ya-Ya Sisterhood: A Novel,159,60928336,Rebecca Wells,1997,Perennial
Dolores Claiborne,160,451177096,Stephen King,2004,Signet Book
Don't Stand Too Close to a Naked Man,161,786889020,Tim Allen,1995,Hyperion
Don't Sweat the Small Stuff and It's All Small Stuff : Simple Ways to Keep the Little Things from Taking Over Your Life (Don't Sweat the Small Stuff Series),162,786881852,Richard Carlson,1997,Hyperion
Dr. Atkins' New Diet Revolution,163,380727293,Robert C. Atkins,1997,Avon Books
Dragon Tears,164,399137734,Dean R. Koontz,1993,Putnam Pub Group
Dragonfly in Amber,165,440215625,DIANA GABALDON,1993,Dell
Dream Country,166,055358264X,Luanne Rice,2002,Bantam Books
Dreamcatcher,167,074343627X,Stephen King,2001,Pocket
Drowning Ruth,168,345460359,CHRISTINA SCHWARZ,2003,Ballantine Books
Drowning Ruth (Oprah's Book Club),169,345439104,CHRISTINA SCHWARZ,2001,Ballantine Books
Drums of Autumn,170,770427758,Diana Gabaldon,1997,Seal Press (WA)
"Dude, Where's My Country?",171,446532231,Michael Moore,2003,Warner Books
Dust to Dust,172,553582526,TAMI HOAG,2002,Bantam
Dying for Chocolate (Culinary Mysteries (Paperback)),173,553560247,DIANE MOTT DAVIDSON,1993,Bantam
E Is for Evidence: A Kinsey Millhone Mystery (Kinsey Millhone Mysteries (Paperback)),174,553279556,Sue Grafton,1989,Bantam
Easy Prey,175,039914613X,John Sandford,2000,Putnam Publishing Group
Echoes,176,440122090,Maeve Binchy,1989,Dell
Ellen Foster,177,375703055,Kaye Gibbons,1997,Vintage Books
Empire Falls,178,375726403,Richard Russo,2002,Vintage Books USA
Ender's Game (Ender Wiggins Saga (Paperback)),179,812550706,Orson Scott Card,1994,Tor Books
Engaging The Enemy,180,373218192,Nora Roberts,2003,Silhouette
Envy,181,446527130,Sandra Brown,2001,Warner Books
Evening Class,182,385318073,Maeve Binchy,1997,Dell
Everything's Eventual : 14 Dark Tales,183,743235150,Stephen King,2002,Scribner
Exclusive,184,446604232,Sandra Brown,1997,Warner Books
Executive Orders (Jack Ryan Novels),185,425158632,Tom Clancy,1997,Berkley Publishing Group
Eyes of Prey,186,425132048,John Sandford,2004,Berkley Publishing Group
Eyes of a Child,187,679429883,Richard North Patterson,1994,Random House Inc
F Is for Fugitive (Kinsey Millhone Mysteries (Paperback)),188,553284789,Sue Grafton,1990,Bantam
FORREST GUMP (Movie Tie in),189,671894455,Winston Groom,1994,Pocket
Face the Fire (Three Sisters Island Trilogy),190,051513287X,Nora Roberts,2002,Jove Books
Fahrenheit 451,191,345342968,RAY BRADBURY,1987,Del Rey
Faking It,192,312284683,Jennifer Crusie,2002,St. Martin's Press
Fall On Your Knees (Oprah #45),193,743237188,Ann-Marie MacDonald,2002,Touchstone
Falling Angels,194,452283205,Tracy Chevalier,2002,Plume Books
False Memory,195,553580221,Dean R. Koontz,2000,Bantam Books
Family Album,196,440124344,Danielle Steel,1989,Dell
Fast Food Nation: The Dark Side of the All-American Meal,197,60938455,Eric Schlosser,2002,Perennial
Fast Women,198,312980159,Jennifer Crusie,2002,St. Martin's Press
Fat Tuesday,199,553478257,Sandra Brown,1997,Random House Audio
Fatal Cure,200,425145638,Robin Cook,1997,Berkley Publishing Group
Fatherhood,201,425097722,Bill Cosby,1994,Berkley Publishing Group
Fear Nothing,202,553579754,DEAN KOONTZ,1998,Bantam
Final Target,203,553582135,Iris Johansen,2002,Bantam Books
Fine Things,204,440200563,Danielle Steel,1988,Dell
Fingersmith,205,1573229725,Sarah Waters,2002,Riverhead Books
Five Days in Paris,206,440222842,DANIELLE STEEL,1997,Dell
Five Quarters of the Orange,207,60958022,Joanne Harris,2002,Perennial
Flesh and Blood,208,679459626,Jonathan Kellerman,2001,Random House
"Forever... : A Novel of Good and Evil, Love and Hope",209,067101420X,Jude Deveraux,2002,Pocket
Fortune's Rocks : A Novel,210,316678104,Anita Shreve,2001,Back Bay Books
Fortune's Rocks: A Novel,211,316781010,Anita Shreve,1999,Back Bay Books
Foucault's Pendulum,212,345368754,Umberto Eco,1990,Ballantine Books
Four Blind Mice,213,446613266,James Patterson,2003,Warner Books
Four Past Midnight,214,451170385,Stephen King,2001,Signet Book
Four To Score (A Stephanie Plum Novel),215,312966970,Janet Evanovich,1999,St. Martin's Paperbacks
Fried Green Tomatoes at the Whistle Stop Cafe,216,70212570,Fannie Flagg,1989,McGraw-Hill
From Potter's Field,217,425154092,Patricia Daniels Cornwell,1996,Berkley Publishing Group
From the Corner of His Eye,218,553582747,Dean Koontz,2001,Bantam Books
Full House (Janet Evanovich's Full Series),219,312983271,Janet Evanovich,2002,St. Martin's Paperbacks
Full Tilt (Janet Evanovich's Full Series),220,031298328X,Janet Evanovich,2003,St. Martin's Paperbacks
G Is for Gumshoe (Kinsey Millhone Mysteries (Paperback)),221,449219364,Sue Grafton,1991,Fawcett Books
GARDEN OF SHADOWS (Dollanger Saga (Paperback)),222,067164257X,Ariel Jennifer Jones,1987,Pocket
Gerald's Game,223,451176464,Stephen King,2001,Signet Book
Girl in Hyacinth Blue,224,014029628X,Susan Vreeland,2000,Penguin Books
Girl with a Pearl Earring,225,452282152,Tracy Chevalier,2001,Plume Books
"Girl, Interrupted",226,679746048,SUSANNA KAYSEN,1994,Vintage
Good Omens,227,441003257,Neil Gaiman,1996,Ace Books
Good in Bed,228,743418174,Jennifer Weiner,2002,Washington Square Press
Gorky Park,229,345298349,Martin Cruz Smith,1993,Ballantine Books
Granny Dan,230,440224829,DANIELLE STEEL,2000,"Random House, Inc."
Guardian Angel,231,440213991,Sara Paretsky,1996,Dell Publishing Company
Guilty Pleasures (Anita Blake Vampire Hunter (Paperback)),232,441304834,Laurell K. Hamilton,1995,Ace Books
Guilty as Sin,233,553564528,TAMI HOAG,1997,Bantam
H Is for Homicide (Kinsey Millhone Mysteries (Paperback)),234,449219461,Sue Grafton,1993,Fawcett Books
Hannibal,235,440224675,Thomas Harris,2000,Dell Publishing Company
Hard Eight : A Stephanie Plum Novel (A Stephanie Plum Novel),236,312265859,Janet Evanovich,2002,St. Martin's Press
Harry Potter and the Chamber of Secrets (Book 2),237,439064872,J. K. Rowling,2000,Scholastic
Harry Potter and the Goblet of Fire (Book 4),238,439139597,J. K. Rowling,2000,Scholastic
Harry Potter and the Order of the Phoenix (Book 5),239,043935806X,J. K. Rowling,2003,Scholastic
Harry Potter and the Prisoner of Azkaban (Book 3),240,439136369,J. K. Rowling,2001,Scholastic
Harry Potter and the Sorcerer's Stone (Book 1),241,043936213X,J. K. Rowling,2001,Scholastic
Harry Potter and the Sorcerer's Stone (Harry Potter (Paperback)),242,059035342X,J. K. Rowling,1999,Arthur A. Levine Books
Harvest,243,067155302X,Tess Gerritsen,1997,Pocket
Heart of the Sea (Irish Trilogy),244,515128554,Nora Roberts,2000,Jove Books
Heartbeat,245,440211891,Danielle Steel,1992,Dell
Heartbreaker,246,671032992,Julie Garwood,2000,Atria
Hearts In Atlantis,247,671024248,Stephen King,2000,Pocket
Hearts in Atlantis,248,743436210,Stephen King,2001,Pocket
Heaven and Earth (Three Sisters Island Trilogy),249,515132020,Nora Roberts,2003,Jove Books
Hemlock Bay,250,515133302,Catherine Coulter,2002,Jove Books
Here on Earth,251,425167313,Alice Hoffman,1998,Berkley Publishing Group
Hide &amp; Seek,252,446603716,James Patterson,1996,Warner Books
Hideaway,253,590313088,Beverly H. Renner,1980,Scholastic
High Fidelity,254,1573228214,Nick Hornby,2000,Riverhead Books
High Five (A Stephanie Plum Novel),255,312971346,Janet Evanovich,2000,St. Martin's Paperbacks
Holes (Yearling Newbery),256,440414806,LOUIS SACHAR,2000,Yearling
Homecoming,257,449702545,Cynthia Voigt,1990,Fawcett Books
Homeport,258,515124893,Nora Roberts,1999,Jove Books
Hornet's Nest,259,042516098X,Patricia Daniels Cornwell,1998,Berkley Publishing Group
Hot Six : A Stephanie Plum Novel (A Stephanie Plum Novel),260,312976275,Janet Evanovich,2001,St. Martin's Paperbacks
House of Sand and Fog,261,375727345,Andre Dubus III,2000,Vintage Books
How Stella Got Her Groove Back,262,451197410,Terry McMillan,1998,Signet Book
How to Be Good,263,1573229326,Nick Hornby,2002,Riverhead Books
How to Make an American Quilt,264,345388968,Whitney Otto,1994,Ballantine Books
I Capture the Castle,265,312201656,Dodie Smith,1999,St. Martin's Griffin
I Is for Innocent,266,449221512,Sue Grafton,1994,Fawcett Books
I Know This Much Is True,267,60987561,Wally Lamb,1999,Regan Books
I Know This Much Is True (Oprah's Book Club),268,60391626,Wally Lamb,1998,Regan Books
I Know Why the Caged Bird Sings,269,553256157,Maya Angelou,1971,Bantam Books
I'll Be Seeing You,270,671888587,Mary Higgins Clark,1994,Pocket
Icebound,271,345384350,Dean R. Koontz,1995,Ballantine Books
Icy Sparks,272,142000205,Gwyn Hyman Rubio,2001,Penguin Books
If Only It Were True,273,743406176,Marc Levy,2000,Atria
If Tomorrow Comes,274,688042171,Sidney Sheldon,1985,William Morrow &amp; Company
Impulse,275,451204301,Catherine Coulter,2001,Signet Book
In Her Shoes : A Novel,276,743418190,Jennifer Weiner,2002,Atria Books
Inner Harbor (Quinn Brothers (Paperback)),277,515124214,Nora Roberts,2001,Jove Books
Insomnia,278,451184963,Stephen King,1995,Signet Book
Intensity,279,345384369,DEAN KOONTZ,1996,Ballantine Books
Interview with the Vampire,280,345337662,Anne Rice,1993,Ballantine Books
Into Thin Air : A Personal Account of the Mt. Everest Disaster,281,385492081,JON KRAKAUER,1998,Anchor
Into the Wild,282,385486804,Jon Krakauer,1997,Anchor
Invasion,283,425155404,Robin Cook,1997,Berkley Publishing Group
Irish Hearts,284,373484003,Nora Roberts,2000,Silhouette
Isle of Dogs,285,425182908,Patricia Cornwell,2002,Berkley Publishing Group
It,286,451149513,Stephen King,1987,New Amer Library
It Was on Fire When I Lay Down on It,287,804105820,Robert Fulghum,1993,Ivy Books
It's Always Something,288,380710722,Gilda Radner,1990,Avon
J Is for Judgment,289,449221482,Sue Grafton,1999,Fawcett Books
Jack &amp; Jill (Alex Cross Novels),290,446604801,James Patterson,1997,Warner Books
Jacob Have I Loved,291,64403688,Katherine Paterson,1990,HarperTrophy
Jemima J: A Novel About Ugly Ducklings and Swans,292,767905180,Jane Green,2001,Broadway Books
Jewel,293,671038184,Bret Lott,1999,Washington Square Press
Jewel (Oprah's Book Club),294,671042572,Bret Lott,1999,Pocket
Jewels of the Sun (Irish Trilogy),295,515126772,Nora Roberts,2004,Jove Books
Journey,296,385316879,Danielle Steel,2000,Delacorte Press
Jurassic Park,297,345370775,Michael Crichton,1999,Ballantine Books
K Is for Killer (Kinsey Millhone Mysteries (Paperback)),298,449221504,Sue Grafton,1999,Fawcett Books
Kaleidoscope,299,440201926,Danielle Steel,1988,Dell
Key of Knowledge (Key Trilogy (Paperback)),300,515136379,Nora Roberts,2003,Jove Books
Key of Light (Key Trilogy (Paperback)),301,051513628X,Nora Roberts,2003,Jove Books
"Key of Valor (Roberts, Nora. Key Trilogy, 3.)",302,515136530,Nora Roberts,2003,Jove Pubns
Killjoy,303,345453816,Julie Garwood,2003,Ballantine Books
Kiss the Girls,304,446601241,James Patterson,1995,Warner Books
L Is for Lawless,305,449221490,Sue Grafton,1996,Fawcett Books
Ladder of Years,306,449910571,Anne Tyler,1996,Ballantine Books
Lake Wobegon Days,307,670805149,Garrison Keillor,1985,Penguin USA
Lake Wobegon days,308,140092323,Garrison Keillor,1986,Penguin Books
"Lamb : The Gospel According to Biff, Christ's Childhood Pal",309,380813815,Christopher Moore,2003,Perennial
Last Chance Saloon,310,380820293,Marian Keyes,2002,Avon
Last Man Standing,311,446525804,David Baldacci,2001,Warner Books
Left Behind: A Novel of the Earth's Last Days (Left Behind No. 1),312,842329129,Tim Lahaye,1996,Tyndale House Publishers
Let Me Call You Sweetheart,313,671568175,Mary Higgins Clark,1996,Pocket
Life of Pi,314,156027321,Yann Martel,2003,Harvest Books
Lightning,315,425115801,Dean R. Koontz,1996,Berkley Publishing Group
"Like Water for Chocolate : A Novel in Monthly Installments with Recipes, Romances, and Home Remedies",316,038542017X,LAURA ESQUIVEL,1995,Anchor
"Like Water for Chocolate: A Novel in Monthly Installments With Recipes, Romances and Home Remedies",317,385474016,Laura Esquivel,1994,Anchor Books/Doubleday
"Like Water for Chocolate: A Novel in Monthly Installments, With Recipes, Romances, and Home Remedies",318,385420161,Laura Esquivel,1992,Doubleday Books
Little Altars Everywhere: A Novel,319,60976845,Rebecca Wells,1996,Perennial
Long After Midnight,320,553571818,IRIS JOHANSEN,1997,Bantam
Lord of the Flies,321,399501487,William Gerald Golding,1959,Perigee Trade
Love in the Time of Cholera (Penguin Great Books of the 20th Century),322,140119906,Gabriel Garcia Marquez,1994,Penguin Books
"Loves Music, Loves to Dance",323,671758896,Mary Higgins Clark,1992,Pocket
Lucky : A Memoir,324,316096199,Alice Sebold,2002,Back Bay Books
Lucky Man: A Memoir,325,786867647,Michael J. Fox,2002,Hyperion
M Is for Malice,326,449223604,Sue Grafton,1998,Fawcett Books
Macgregor Brides (Macgregors),327,373483503,Nora Roberts,1997,Silhouette
Macgregor Grooms (Macgregors),328,373483694,Nora Roberts,1998,Silhouette
Master of the Game,329,446802204,Sidney Sheldon,1983,Not Avail
Matilda,330,014034294X,Roald Dahl,1990,Puffin Books
Me Talk Pretty One Day,331,316776963,David Sedaris,2001,Back Bay Books
"Men Are from Mars, Women Are from Venus: A Practical Guide for Improving Communication and Getting What You Want in Your Relationships",332,006016848X,John Gray,1992,HarperCollins Publishers
Mercy,333,671034022,Julie Garwood,2002,Pocket
Message from Nam,334,440209412,Danielle Steel,1991,Dell
Message in a Bottle,335,446523569,Nicholas Sparks,1998,Warner Books
Middlesex: A Novel,336,374199698,Jeffrey Eugenides,2002,"Farrar, Straus and Giroux"
Midnight,337,425118703,Dean R. Koontz,1995,Berkley Publishing Group
Midnight Bayou,338,399148248,Nora Roberts,2001,Putnam Publishing Group
Midnight in the Garden of Good and Evil,339,679751521,John Berendt,1999,Vintage Books USA
Midnight in the Garden of Good and Evil: A Savannah Story,340,679429220,John Berendt,1994,Random House
Midwives: A Novel,341,375706771,Chris Bohjalian,1998,Vintage
Mind Prey,342,425152898,John Sandford,2004,Berkley Publishing Group
Mirror Image,343,440224772,Danielle Steel,1999,Dell Publishing Company
Misery,344,451169522,Stephen King,2004,Penguin USA (Paper)
Miss Julia Speaks Her Mind : A Novel,345,688177751,Ann B. Ross,2000,Perennial
Monster : A Novel (Alex Delaware Novels (Paperback)),346,345413873,JONATHAN KELLERMAN,2000,Ballantine Books
Montana Sky,347,515120618,Nora Roberts,2000,Jove Books
Moo,348,449910237,Jane Smiley,1996,Ballantine Books
Moonlight Becomes You,349,671867113,Mary Higgins Clark,1997,Pocket
Morality for Beautiful Girls (No.1 Ladies Detective Agency),350,1400031362,Alexander McCall Smith,2002,Anchor
Mortal Fear,351,425113884,Robin Cook,1989,Berkley Publishing Group
Mortal Prey,352,425189864,John Sandford,2003,Berkley Publishing Group
Mother of Pearl,353,786866276,Melinda Haynes,1999,Hyperion
Mr. Murder,354,399138749,Dean R. Koontz,1993,Putnam Pub Group
My Gal Sunday,355,671014919,Mary Higgins Clark,2003,Pocket
Mystic River,356,380731851,Dennis Lehane,2002,HarperTorch
N Is for Noose,357,449223612,Sue Grafton,1999,Fawcett Books
Naked,358,316777730,David Sedaris,1998,Back Bay Books
Needful Things,359,451172817,Stephen King,2004,Signet Book
Nerd in Shining Armor,360,440241162,Vicki Lewis Thompson,2003,Dell Publishing Company
Neuromancer (Remembering Tomorrow),361,441569595,William Gibson,1995,Ace Books
Neverwhere,362,380789019,Neil Gaiman,1998,Avon
Nickel and Dimed: On (Not) Getting By in America,363,805063897,Barbara Ehrenreich,2002,Owl Books
Nicolae: The Rise of Antichrist (Left Behind No. 3),364,842329242,Tim F. Lahaye,1998,Tyndale House Publishers
Night,365,553272535,Elie Wiesel,1982,Bantam Books
Night Prey,366,425146413,John Sandford,2004,Berkley Publishing Group
Night Sins,367,055356451X,TAMI HOAG,1995,Bantam
Night Whispers,368,671525743,Judith McNaught,1999,Pocket
Nightmares &amp; Dreamscapes,369,451180232,Stephen King,2004,Signet Book
Nights in Rodanthe,370,446531332,Nicholas Sparks,2002,Warner Books
No Greater Love,371,385299095,Danielle Steel,1991,Delacorte Press
No Safe Place,372,345404777,RICHARD NORTH PATTERSON,1999,Ballantine Books
Notes from a Small Island,373,688147259,Bill Bryson,1996,William Morrow &amp; Company
Nothing Lasts Forever,374,446354732,Sidney Sheldon,1995,Warner Books
Now You See Her,375,671034057,Linda Howard,1999,Pocket Books
On the Street Where You Live,376,671004530,Mary Higgins Clark,2002,Pocket
One Door Away from Heaven,377,553582755,Dean R. Koontz,2002,Bantam Books
One True Thing,378,385319207,Anna Quindlen,1997,Delta Trade Paperbacks
One for the Money (A Stephanie Plum Novel),379,312990456,Janet Evanovich,2003,St. Martin's Paperbacks
One for the Money (Stephanie Plum Novels (Paperback)),380,61009059,Janet Evanovich,1995,HarperTorch
Oryx and Crake,381,385503857,Margaret Atwood,2003,Nan A. Talese
Outlander,382,440212561,DIANA GABALDON,1992,Dell
Over the Edge,383,451152190,Jonathan Kellerman,1993,New American Library
P Is for Peril,384,449003795,Sue Grafton,2002,Ballantine Books
Paradise,385,452280397,Toni Morrison,1999,Plume Books
Patriot Games (Jack Ryan Novels),386,425109720,Tom Clancy,1992,Berkley Publishing Group
Pay It Forward,387,743412028,Catherine Ryan Hyde,2000,Pocket
Peace Like a River,388,802139256,Leif Enger,2002,Grove Press
Pet Sematary,389,451132378,Stephen King,1984,Signet Book
Phantoms,390,425101452,Dean R. Koontz,1996,Berkley Publishing Group
Pigs in Heaven,391,60922532,Barbara Kingsolver,1994,Perennial
Plainsong (Vintage Contemporaries),392,375705856,KENT HARUF,2000,Vintage
Pleading Guilty,393,446365505,Scott Turow,1994,Warner Books
Plum Island,394,446605409,Nelson DeMille,1998,Warner Books
Point of Origin,395,425169863,Patricia Daniels Cornwell,1999,Berkley Publishing Group
Politically Correct Bedtime Stories: Modern Tales for Our Life and Times,396,002542730X,James Finn Garner,1994,John Wiley &amp; Sons Inc
Pop Goes the Weasel,397,316693286,James Patterson,1999,Replica Books
Portrait in Death,398,425189031,Nora Roberts,2003,Berkley Publishing Group
Possession : A Romance,399,679735909,A.S. BYATT,1991,Vintage
Postmortem,400,380710218,Patricia Daniels Cornwell,1993,Harper Mass Market Paperbacks (Mm)
Practical Magic,401,399140557,Alice Hoffman,1995,Putnam Pub Group
Presumed Innocent,402,446350982,Scott Turow,1988,Warner Books
Pretend You Don't See Her,403,671867156,Mary Higgins Clark,1998,Pocket
Pride and Prejudice,404,451519167,Jane Austen,1961,Signet Book
Primary Colors: A Novel of Politics,405,446604275,Anonymous,1996,Warner Books
Prime Cut,406,553574671,Diane Mott Davidson,2000,Bantam Books
Prodigal Summer,407,60199652,Barbara Kingsolver,2000,HarperCollins
Prodigal Summer: A Novel,408,60959037,Barbara Kingsolver,2001,Perennial
Purity in Death,409,042518630X,J.D. Robb,2002,Berkley Publishing Group
Q Is for Quarry,410,399149155,Sue Grafton,2002,Putnam Publishing Group
Quentins,411,525946829,Maeve Binchy,2002,Dutton Books
Rainbow Six,412,375402675,Tom Clancy,1998,Random House Audio
Range of Motion,413,679437452,Elizabeth Berg,1995,Random House Inc
Reap the Wind,414,553586122,Iris Johansen,2002,Bantam Books
Rebecca,415,380778556,Daphne Du Maurier,1994,Avon
Red Dragon,416,440206154,Thomas Harris,2000,Dell Publishing Company
Red Storm Rising,417,042510107X,Tom Clancy,1997,Berkley Publishing Group
Remember Me,418,1551669676,Sharon Sala,2003,Mira
Riptide,419,399146164,Catherine Coulter,2000,Putnam Publishing Group
Rising Sun,420,345380371,MICHAEL CRICHTON,1992,Ballantine Books
Rising Tides,421,051512317X,Nora Roberts,2001,Jove Books
River's End,422,515127833,Nora Roberts,2003,Jove Books
"River, Cross My Heart",423,316899984,Breena Clarke,1999,Little Brown &amp; Company
Rose Madder,424,451186362,Stephen King,2004,Signet Book
Roses Are Red (Alex Cross Novels),425,446605484,James Patterson,2001,Warner Vision
Rules of Prey,426,425121631,John Sandford,1992,Berkley Publishing Group
SHIPPING NEWS,427,671510053,Annie Proulx,1994,Scribner
STONES FROM THE RIVER,428,068484477X,Ursula Hegi,1997,Touchstone
Sacred Sins,429,553265741,Nora Roberts,1990,Bantam Books
Saint Maybe,430,804108749,ANNE TYLER,1992,Ivy Books
Sanctuary,431,399142401,Nora Roberts,1997,Putnam Publishing Group
Saving Faith,432,446608890,David Baldacci,2000,Warner Vision
Scarlet Feather,433,451203771,Maeve Binchy,2002,Signet Book
"Scarlett : The Sequel to Margaret Mitchell's \Gone With the Wind\""""",434,446363251,Alexandra Ripley,1992,Warner Books
Schindler's List,435,671880314,Thomas Keneally,1993,Touchstone
Sea Glass: A Novel,436,316780812,Anita Shreve,2002,"Little, Brown"
Sea Swept (Quinn Brothers (Paperback)),437,515121843,Nora Roberts,2001,Jove Books
Seabiscuit,438,345465083,LAURA HILLENBRAND,2003,Ballantine Books
Seabiscuit: An American Legend,439,449005615,LAURA HILLENBRAND,2002,Ballantine Books
Second Nature,440,385312660,MICHAEL POLLAN,1992,Delta
Secret History,441,804111359,DONNA TARTT,1993,Ballantine Books
Secrets,442,440176484,DANIELLE STEEL,1986,Dell
Seize the Night,443,553580191,DEAN KOONTZ,1999,Bantam
September,444,312924801,Rosamunde Pilcher,1991,St. Martin's Press
Servant of the Bones,445,345389417,Anne Rice,1998,Ballantine Books
Seven Habits Of Highly Effective People,446,671708635,Stephen R. Covey,1990,Free Press
Seven Up (A Stephanie Plum Novel),447,312980140,Janet Evanovich,2002,St. Martin's Paperbacks
Shadow Prey,448,425126064,John Sandford,2004,Berkley Publishing Group
Shadowfires,449,425136981,Dean R. Koontz,1994,Berkley Publishing Group
Shattered,450,425099334,Dean R. Koontz,1993,Berkley Publishing Group
She's Come Undone (Oprah's Book Club (Paperback)),451,671003755,Wally Lamb,1996,Washington Square Press
She's Come Undone (Oprah's Book Club),452,671021001,Wally Lamb,1998,Pocket
Shell Seekers,453,440202043,Rosamunde Pilcher,1996,Dell
Shopaholic Takes Manhattan (Summer Display Opportunity),454,385335881,Sophie Kinsella,2002,Delta
Shopaholic Ties the Knot,455,385336179,Sophie Kinsella,2003,Delta
Sick Puppy,456,446604666,Carl Hiaasen,2001,Warner Vision
Silence of the Lambs,457,312924585,Thomas Harris,1991,St. Martin's Press
Silent Witness,458,345404769,RICHARD NORTH PATTERSON,1997,Ballantine Books
Sisterhood of the Traveling Pants,459,385730586,ANN BRASHARES,2003,Delacorte Books for Young Readers
Skeleton Crew,460,451168615,Stephen King,1986,Signet Book
Skipping Christmas,461,385505833,JOHN GRISHAM,2001,Doubleday
Slammerkin,462,156007479,Emma Donoghue,2002,Harvest Books
Slaughterhouse Five or the Children's Crusade: A Duty Dance With Death,463,440180295,Kurt Vonnegut,1991,Laurel
Sleepers,464,345404114,Lorenzo Carcaterra,1996,Ballantine Books
Slow Waltz in Cedar Bend,465,446601640,Robert James Waller,1994,Warner Books
Small Town Girl,466,399142495,LaVyrle Spencer,1997,Putnam Pub Group
Smart Women,467,671727583,Judy Blume,1990,Pocket Books
Smilla's Sense of Snow,468,440218535,Peter Hoeg,1997,Island
Snow Falling on Cedars,469,067976402X,David Guterson,1995,Vintage Books USA
Sole Survivor,470,679425268,DEAN KOONTZ,1997,Knopf
Song of Solomon (Oprah's Book Club (Paperback)),471,452260116,Toni Morrison,1987,Plume Books
Songs in Ordinary Time (Oprah's Book Club (Paperback)),472,140244824,Mary McGarry Morris,1996,Penguin Books
Sophie's World: A Novel About the History of Philosophy,473,425152251,Jostein Gaarder,1996,Berkley Publishing Group
Southern Cross,474,425172546,Patricia Daniels Cornwell,1999,Berkley Publishing Group
Sphere,475,345353145,MICHAEL CRICHTON,1988,Ballantine Books
Standoff,476,446609617,Sandra Brown,2001,Warner Vision
Stanislaski Brothers (Silhouette Promo),477,373484224,Nora Roberts,2000,Silhouette
Sticks &amp; Scones,478,553107240,Diane Mott Davidson,2001,Bantam Books
Still Waters,479,553292722,TAMI HOAG,1992,Bantam
Stillwatch,480,440183057,MARY HIGGINS CLARK,1986,Dell
Strangers,481,425181111,Dean R. Koontz,2002,Berkley Publishing Group
Stupid White Men ...and Other Sorry Excuses for the State of the Nation!,482,60392452,Michael Moore,2002,Regan Books
Sudden Prey,483,425157539,John Sandford,1997,Berkley Publishing Group
Summer Pleasures,484,373218397,Nora Roberts,2002,Silhouette
Summer Sisters,485,440226430,Judy Blume,1999,Dell Publishing Company
Suzanne's Diary for Nicholas,486,446611085,James Patterson,2003,Warner Books
Table For Two,487,373218400,Nora Roberts,2002,Silhouette
Tales of a Fourth Grade Nothing,488,044048474X,JUDY BLUME,1976,Yearling
Taltos: Lives of the Mayfair Witches,489,345404319,Anne Rice,1996,Ballantine Books
Tara Road,490,440235596,Maeve Binchy,2000,Dell Publishing Company
Tears of the Giraffe (No.1 Ladies Detective Agency),491,1400031354,Alexander McCall Smith,2002,Anchor
Tears of the Moon (Irish Trilogy),492,515128546,Nora Roberts,2000,Jove Books
Tell Me Lies (Tell Me Lies),493,312966806,Jennifer Crusie,1999,St. Martin's Press
Tell Me Your Dreams,494,446607207,Sidney Sheldon,1999,Warner Vision
Tell No One,495,440236703,Harlan Coben,2002,Dell Publishing Company
Temptation,496,671002031,Jude Deveraux,2000,Atria
That Camden Summer,497,399141200,Lavyrle Spencer,1996,Putnam Pub Group
The Accidental Tourist,498,425092917,Anne Tyler,1994,Berkley Publishing Group
The Alchemist: A Fable About Following Your Dream,499,62502174,Paulo Coelho,1993,HarperSanFrancisco
The Alibi,500,446608653,Sandra Brown,2000,Warner Books
The Alienist,501,553572997,Caleb Carr,1995,Bantam Books
The Amazing Adventures of Kavalier &amp; Clay,502,312282990,Michael Chabon,2001,Picador
"The Amber Spyglass (His Dark Materials, Book 3)",503,375823352,PHILIP PULLMAN,2002,Knopf Books for Young Readers
The Andromeda Strain,504,345378482,MICHAEL CRICHTON,1992,Ballantine Books
The Angel of Darkness,505,345427637,Caleb Carr,1998,Ballantine Books
The Apprentice,506,345447867,Tess Gerritsen,2003,Ballantine Books
The Bachelor (Warner Books Contemporary Romance),507,446610542,Carly Phillips,2002,Warner Forever
"The Bad Beginning (A Series of Unfortunate Events, Book 1)",508,64407667,Lemony Snicket,1999,HarperCollins
The Bad Place,509,425124347,Dean R. Koontz,1994,Berkley Publishing Group
The Beach House,510,446612545,James Patterson,2003,Warner Books
The Bean Trees,511,60915544,Barbara Kingsolver,1989,Perennial
The Blind Assassin,512,385475721,Margaret Atwood,2000,Nan A. Talese
The Blue Nowhere : A Novel,513,671042262,Jeffery Deaver,2002,Pocket
The Bluest Eye,514,375411550,Toni Morrison,2000,Knopf
The Body Farm,515,425147622,Patricia Daniels Cornwell,1995,Berkley Publishing Group
The Bonesetter's Daughter,516,399146431,Amy Tan,2001,Putnam Publishing Group
The Bonfire of the Vanities,517,553275976,Tom Wolfe,1988,Bantam Books
The Book of Ruth (Oprah's Book Club (Paperback)),518,385265700,Jane Hamilton,1990,Anchor
The Bourne Identity,519,553260111,Robert Ludlum,1984,Bantam Books
The Bourne Supremacy,520,553263226,Robert Ludlum,1987,Bantam
The Bourne Ultimatum,521,553287737,Robert Ludlum,1991,Bantam Books
The Boy Next Door,522,60096195,Meggin Cabot,2002,Avon Trade
The Brethren,523,440236673,John Grisham,2000,Island
The Bridges of Madison County,524,044651652X,Robert James Waller,1992,Warner Books
The Burden of Proof,525,446360589,Scott Turow,1991,Warner Books
The Cardinal of the Kremlin (Jack Ryan Novels),526,425116840,Tom Clancy,1989,Berkley Publishing Group
The Carousel,527,440216842,Belva Plain,1998,Dell
The Catcher in the Rye,528,316769487,J.D. Salinger,1991,"Little, Brown"
The Celestine Prophecy (Celestine Prophecy),529,044651862X,James Redfield,1994,Warner Books
The Cereal Murders,530,055356773X,Diane Mott Davidson,1994,Crimeline
The Chamber,531,440220602,John Grisham,1995,Dell Publishing Company
The Cider House Rules,532,345387651,John Irving,1994,Ballantine Books
The Clan of the Cave Bear (Earth's Children (Paperback)),533,553250426,Jean M. Auel,1984,Bantam Books
The Client,534,440213525,John Grisham,1994,Dell Publishing Company
The Clinic (Alex Delaware Novels (Paperback)),535,055357230X,Jonathan Kellerman,1999,Bantam Books
The Color Purple,536,671617028,Alice Walker,1985,Pocket Books
The Color of Water: A Black Man's Tribute to His White Mother,537,1573225789,James McBride,1997,Riverhead Books
The Copper Beech,538,440213290,Maeve Binchy,1993,Dell
The Cradle Will Fall,539,440115450,Mary Higgins Clark,1983,Dell Publishing Company
The Crimson Petal and the White,540,156028778,Michel Faber,2003,Harvest Books
The Da Vinci Code,541,385504209,Dan Brown,2003,Doubleday
The Dark Half,542,451167317,Stephen King,1994,Signet Book
The Dead Zone,543,451155750,Stephen King,2004,Signet Book
The Deep End of the Ocean,544,451186923,Jacquelyn Mitchard,1997,New Amer Library
The Devil Wears Prada : A Novel,545,038550926X,LAUREN WEISBERGER,2003,Doubleday
The Diary of Ellen Rimbauer: My Life at Rose Red,546,786868015,Joyce Reardon,2001,Hyperion
The Divine Secrets of the Ya-Ya Sisterhood: A Novel,547,60502258,Rebecca Wells,2002,HarperTorch
The Dogs of Babel (Today Show Book Club #12),548,316168688,Carolyn Parkhurst,2003,"Little, Brown"
The Door to December,549,451181379,Dean R. Koontz,1994,Signet Book
"The Drawing of the Three (The Dark Tower, Book 2)",550,451163524,Stephen King,1997,Signet Book
The Edge,551,515128600,Catherine Coulter,2000,Jove Books
The Eight,552,345366239,Katherine Neville,1995,Ballantine Books
The Empty Chair,553,671026011,Jeffery Deaver,2001,Pocket
The English Patient,554,679745203,Michael Ondaatje,1996,Vintage Books USA
The Eyre Affair: A Novel,555,142001805,Jasper Fforde,2003,Penguin Books
The Face of Deception,556,553578022,Iris Johansen,1999,Bantam Books
"The Fellowship of the Ring (The Lord of the Rings, Part 1)",557,618002227,J. R. R. Tolkien,1999,Houghton Mifflin Company
The Firm,558,044021145X,John Grisham,1992,Bantam Dell Publishing Group
The First Counsel,559,044661064X,Brad Meltzer,2001,Warner Vision
The First Wives Club Movie Tie In,560,671002481,Olivia Goldsmith,1996,Pocket
The Five People You Meet in Heaven,561,786868716,Mitch Albom,2003,Hyperion
The Fourth Hand,562,375506276,JOHN IRVING,2001,Random House
The General's Daughter,563,446364800,Nelson DeMille,1993,Warner Books
The Genesis Code,564,345422317,John Case,1998,Ballantine Books
The Ghost,565,038531695X,Danielle Steel,1997,Dell
The Gift,566,440128757,Madeena S. Nolan,1981,Dell Publishing
The Girl Who Loved Tom Gordon,567,671042858,Stephen King,2000,Pocket
The Girls' Guide to Hunting and Fishing,568,140293248,Melissa Bank,2000,Penguin Books
The Giver (21st Century Reference),569,440219078,LOIS LOWRY,1994,Laure Leaf
The Glass Lake,570,440221595,Maeve Binchy,1996,Dell
The God of Small Things,571,679457313,Arundhati Roy,1997,Random House Inc
"The Golden Compass (His Dark Materials, Book 1)",572,037582345X,PHILIP PULLMAN,2002,Knopf Books for Young Readers
The Great Gatsby,573,684801523,F. Scott Fitzgerald,1995,Scribner
The Green Mile,574,671041789,Stephen King,1999,Pocket
The Grilling Season,575,553574663,Diane Mott Davidson,1998,Bantam Books
The Guardian,576,446527793,Nicholas Sparks,2003,Warner Books
"The Gunslinger (The Dark Tower, Book 1)",577,451160525,Stephen King,1994,New American Library
The Handmaid's Tale,578,449212602,Margaret Atwood,1989,Fawcett Books
The Hitchhiker's Guide to the Galaxy,579,671461494,Douglas Adams,1982,Pocket
The Hobbit : The Enchanting Prelude to The Lord of the Rings,580,345339681,J.R.R. TOLKIEN,1986,Del Rey
The Honk and Holler Opening Soon,581,446675059,Billie Letts,1999,Warner Books
The Horse Whisperer,582,440222656,Nicholas Evans,1996,Dell
The Hot Zone,583,385479565,Richard Preston,1995,Anchor
The Hours : A Novel,584,312243022,Michael Cunningham,2000,Picador
The Hours: A Novel,585,312305060,Michael Cunningham,2002,Picador
The House of the Spirits,586,553273914,Isabel Allende,1986,Bantam Books
The Hundred Secret Senses,587,080411109X,Amy Tan,1996,Ivy Books
The Hunt for Red October,588,425120279,Tom Clancy,1990,Berkley Publishing Group
The Idiot Girls' Action Adventure Club,589,375760911,Laurie Notaro,2002,Villard Books
The Jester,590,316602051,James Patterson,2003,"Little, Brown"
The Joy Luck Club,591,804106304,Amy Tan,1994,Prentice Hall (K-12)
The Killing Game: Only One Can Win...and the Loser Dies,592,553581554,Iris Johansen,2000,Bantam Books
The King of Torts,593,440241537,JOHN GRISHAM,2003,Dell
The Kiss,594,044023669X,Danielle Steel,2002,Dell Publishing Company
The Kitchen God's Wife,595,080410753X,Amy Tan,1992,Ivy Books
The Last Precinct,596,399146253,Patricia Daniels Cornwell,2000,Putnam Publishing Group
The Last Time They Met : A Novel,597,316781266,Anita Shreve,2002,Back Bay Books
The Little Friend,598,679439382,Donna Tartt,2002,Alfred A. Knopf
The Little Prince,599,156528207,Antoine de Saint-ExupÃ©ry,1968,Harcourt
The Long Road Home,600,440224837,Danielle Steel,1999,Dell Publishing Company
The Loop,601,440224624,Nicholas Evans,1999,Dell Publishing Company
The Lost Boy: A Foster Child's Search for the Love of a Family,602,1558745157,Dave Pelzer,1997,Health Communications
The Lost World,603,034540288X,Michael Crichton,1996,Ballantine Books
The Lottery Winner : Alvirah And Willy Stories,604,671867172,Mary Higgins Clark,1995,Pocket
The Lovely Bones: A Novel,605,316666343,Alice Sebold,2002,"Little, Brown"
The Mists of Avalon,606,345350499,MARION ZIMMER BRADLEY,1987,Del Rey
The Most Wanted,607,451196856,Jacquelyn Mitchard,1999,Signet Book
The Mulberry Tree,608,671014218,Jude Deveraux,2002,Atria Books
The Mummy or Ramses the Damned,609,345369947,Anne Rice,1991,Ballantine Books
The Murder Book,610,345413903,Jonathan Kellerman,2003,Ballantine Books
The Nanny Diaries: A Novel,611,312278586,Emma McLaughlin,2002,St. Martin's Press
The Next Accident,612,553578693,LISA GARDNER,2002,Bantam
The No. 1 Ladies' Detective Agency (Today Show Book Club #8),613,1400034779,Alexander McCall Smith,2003,Anchor
The Notebook,614,446520802,Nicholas Sparks,1996,Warner Books
The Other Boleyn Girl,615,743227441,Philippa Gregory,2002,Touchstone
The Partner,616,440224764,John Grisham,1998,Dell Publishing Company
The Pelican Brief,617,440214041,John Grisham,1993,Dell
The Perfect Storm : A True Story of Men Against the Sea,618,006101351X,Sebastian Junger,1998,HarperTorch
The Phantom Tollbooth,619,394820371,Norton Juster,1993,Yearling Books
The Pillars of the Earth,620,451166892,Ken Follett,1996,Signet Book
The Pilot's Wife : A Novel,621,316601950,Anita Shreve,1999,Back Bay Books
The Plains of Passage (Earth's Children (Paperback)),622,553289411,JEAN M. AUEL,1991,Bantam
The Poisonwood Bible,623,60175400,Barbara Kingsolver,1999,HarperCollins
The Poisonwood Bible: A Novel,624,60930535,Barbara Kingsolver,1999,Perennial
The Prince of Tides,625,553268880,Pat Conroy,1987,Bantam Books
The Princess Bride: S Morgenstern's Classic Tale of True Love and High Adventure,626,345348036,WILLIAM GOLDMAN,1987,Del Rey
The Promise,627,440170796,Danielle Steel,1978,Dell
The Pull of the Moon,628,425176487,Elizabeth Berg,2000,Berkley Publishing Group
The Queen of the Damned (Vampire Chronicles (Paperback)),629,345351525,Anne Rice,1993,Ballantine Books
The Rainmaker,630,385424736,John Grisham,1995,Doubleday Books
The Rapture of Canaan,631,425162443,Sheri Reynolds,1997,Berkley Publishing Group
The Reader,632,375707972,Bernhard Schlink,1999,Vintage Books USA
The Red Tent (Bestselling Backlist),633,312195516,Anita Diamant,1998,Picador USA
The Reef,634,051512608X,Nora Roberts,1999,Jove Books
The Regulators,635,525941908,Richard Bachman,1996,Dutton Books
"The Reptile Room (A Series of Unfortunate Events, Book 2)",636,64407675,Lemony Snicket,1999,HarperCollins
The Rescue,637,446610399,Nicholas Sparks,2001,Warner Books
The Return Journey,638,440224594,MAEVE BINCHY,1999,Dell
"The Return of the King (The Lord of the Rings, Part 3)",639,395272211,J. R. R. Tolkien,1988,Houghton Mifflin
The Robber Bride,640,553569058,Margaret Atwood,1995,Bantam
The Runaway Jury,641,440221471,JOHN GRISHAM,1997,Dell
The Sands of Time,642,688065716,Sidney Sheldon,1988,William Morrow &amp; Company
The Saving Graces: A Novel,643,61097101,Patricia Gaffney,2000,HarperTorch
The Search,644,553582127,Iris Johansen,2001,Bantam Books
The Secret Garden,645,006440188X,Frances Hodgson Burnett,1998,HarperTrophy
The Secret Life of Bees,646,142001740,Sue Monk Kidd,2003,Penguin Books
The Shining,647,743424425,Stephen King,2001,Pocket
The Shipping News : A Novel,648,743225406,Annie Proulx,2001,Scribner
The Simple Truth,649,446607711,David Baldacci,1999,Warner Books
The Smoke Jumper,650,440235162,Nicholas Evans,2002,Dell Publishing Company
The Stone Diaries,651,014023313X,Carol Shields,1995,Penguin Books
The Street Lawyer,652,440225701,JOHN GRISHAM,1999,Dell
"The Subtle Knife (His Dark Materials, Book 2)",653,375823468,PHILIP PULLMAN,2002,Knopf Books for Young Readers
The Sum of All Fears (Jack Ryan Novels),654,425133540,Tom Clancy,1996,Berkley Publishing Group
The Summerhouse,655,671014188,Jude Deveraux,2001,Atria
The Summons,656,440241073,John Grisham,2002,Dell Publishing Company
The Surgeon,657,345447840,TESS GERRITSEN,2002,Ballantine Books
The Sweet Potato Queens' Book of Love,658,609804138,JILL CONNER BROWNE,1999,Three Rivers Press
The Switch,659,446527033,Sandra Brown,2000,Warner Books
The Tale of the Body Thief (Vampire Chronicles (Paperback)),660,034538475X,Anne Rice,1993,Ballantine Books
The Talisman,661,425105334,Stephen King,1991,Berkley Publishing Group
The Tao of Pooh,662,140067477,Benjamin Hoff,1983,Penguin Books
The Temple of My Familiar,663,671683993,Alice Walker,1990,Pocket
The Terminal Man,664,60092572,Michael Crichton,2002,Avon Books
The Testament,665,440234743,John Grisham,1999,Dell
The Thorn Birds,666,380018179,Colleen McCullough,1978,Avon
The Tommyknockers,667,451156609,Stephen King,1994,Signet Book
"The Two Towers (The Lord of the Rings, Part 2)",668,618002235,J. R. R. Tolkien,1999,Houghton Mifflin Company
The Ugly Duckling,669,553569910,Iris Johansen,1997,Bantam Books
The Valley of Horses,670,553250531,JEAN M. AUEL,1984,Bantam
"The Vampire Lestat (Vampire Chronicles, Book II)",671,345313860,ANNE RICE,1986,Ballantine Books
The Villa,672,399147128,Nora Roberts,2001,Putnam Publishing Group
The Virgin Suicides,673,446670251,Jeffrey Eugenides,1994,Warner Books
The Wedding,674,385471432,Dorothy West,1995,Doubleday Books
The Weight of Water : A Novel Tag: Author of Resistance and Strange Fits of Passion,675,316780375,Anita Shreve,1998,Back Bay Books
The Winner,676,446606324,David Baldacci,1998,Warner Vision
The Witching Hour (Lives of the Mayfair Witches),677,345384466,ANNE RICE,1993,Ballantine Books
The Witness,678,446516317,Sandra Brown,1995,Replica Books
The Woman Next Door,679,743411250,Barbara Delinsky,2002,Pocket
Thinner,680,451137965,Stephen King,1985,New Amer Library
Three Fates,681,039914840X,Nora Roberts,2002,Putnam Publishing Group
Three Junes,682,375422412,Julia Glass,2002,Pantheon Books
Three To Get Deadly : A Stephanie Plum Novel (A Stephanie Plum Novel),683,312966091,Janet Evanovich,1998,St. Martin's Paperbacks
Timeline,684,345417623,MICHAEL CRICHTON,2000,Ballantine Books
Tis : A Memoir,685,684848783,Frank McCourt,1999,Scribner
Tis: A Memoir,686,684865742,Frank McCourt,2000,Scribner
To Kill a Mockingbird,687,446310786,Harper Lee,1988,Little Brown &amp; Company
To the Nines: A Stephanie Plum Novel,688,312265867,Janet Evanovich,2003,St. Martin's Press
Tom Clancy's Op-Center (Tom Clancy's Op Center (Paperback)),689,425147363,Tom Clancy,1995,Berkley Publishing Group
Touching Evil,690,553583441,Kay Hooper,2001,Bantam Books
Tough Cookie,691,553578308,Diane Mott Davidson,2001,Bantam Books
Toxin,692,425166619,Robin Cook,1999,Berkley Publishing Group
Tribulation Force: The Continuing Drama of Those Left Behind (Left Behind No. 2),693,842329218,Tim LaHaye,1997,Tyndale House Publishers
"Truly, Madly Manhattan",694,373218036,Nora Roberts,2003,Silhouette
"Tuesdays with Morrie: An Old Man, a Young Man, and Life's Greatest Lesson",695,385484518,MITCH ALBOM,1997,Doubleday
Turtle Moon,696,042513699X,Alice Hoffman,1993,Berkley Publishing Group
Two for the Dough,697,671001795,Janet Evanovich,1996,Pocket
Under the Tuscan Sun,698,767900383,Frances Mayes,1997,Broadway
Unnatural Exposure,699,399142851,Patricia Daniels Cornwell,1997,Putnam Pub Group
Unspeakable,700,446607193,Sandra Brown,1999,Warner Books
Vanished,701,440217466,Danielle Steel,1994,Dell
Vector,702,399144714,Robin Cook,1999,Putnam Pub Group
Vinegar Hill (Oprah's Book Club (Paperback)),703,380730138,A. Manette Ansay,1998,Perennial
Violets Are Blue,704,446611212,James Patterson,2002,Warner Vision
Violin,705,345389425,Anne Rice,1998,Ballantine Books
Vittorio the Vampire: New Tales of the Vampires,706,345422392,Anne Rice,2001,Ballantine Books
Void Moon,707,316154067,Michael Connelly,1999,"Little, Brown"
Voyager,708,440217563,DIANA GABALDON,1994,Dell
WLD ACCORDNG GARP,709,671452177,John Irving,1982,Pocket
Waiting to Exhale,710,671537458,Terry McMillan,1995,Pocket
Wanderlust,711,440193613,Danielle Steel,1987,Dell
Watchers,712,425107469,Dean R. Koontz,1996,Berkley Publishing Group
Watermelon,713,60090367,Marian Keyes,2002,Perennial
Watership Down,714,380002930,Richard Adams,1976,Avon
We Were the Mulvaneys,715,452282829,Joyce Carol Oates,1996,Plume
We'll Meet Again,716,671004565,Mary Higgins Clark,2000,Pocket
Weep No More My Lady,717,440200989,Mary Higgins Clark,1993,Dell
Welcome to Temptation,718,312974256,Jennifer Crusie,2001,St. Martin's Paperbacks
"Welcome to the World, Baby Girl!",719,080411868X,Fannie Flagg,1999,Ballantine Books
What Looks Like Crazy On An Ordinary Day,720,038079487X,Pearl Cleage,1998,Perennial
What to Expect When You're Expecting (Revised Edition),721,089480829X,Arlene Eisenberg,1996,Workman Pub Co
When the Wind Blows,722,446607657,James Patterson,1999,Warner Vision
Where the Heart Is (Oprah's Book Club (Paperback)),723,446672211,Billie Letts,1998,Warner Books
Where the Red Fern Grows,724,553274295,Wilson Rawls,1984,Random House Children's Books
While I Was Gone,725,345443284,Sue Miller,1999,Ballantine Books
While My Pretty One Sleeps,726,671673688,Mary Higgins Clark,1990,Pocket
"Whirlwind (Tyler, Book 1)",727,373825013,Nancy Martin,1992,Harlequin
Whispers,728,440216745,BELVA PLAIN,1994,Dell
White Oleander : A Novel,729,316569321,Janet Fitch,1999,"Little, Brown"
White Oleander : A Novel (Oprah's Book Club),730,316284955,Janet Fitch,2000,Back Bay Books
White Teeth: A Novel,731,375703861,Zadie Smith,2001,Vintage Books USA
Wicked: The Life and Times of the Wicked Witch of the West,732,60987103,Gregory Maguire,1996,Regan Books
Wifey,733,671693816,Judy Blume,1989,Pocket
Wild Animus,734,971880107,Rich Shapero,2004,Too Far
Winter Moon,735,553582933,Dean R. Koontz,2001,Bantam Books
Winter Solstice,736,312978383,Rosamunde Pilcher,2001,St. Martin's Paperbacks
Wish You Well,737,446527165,David Baldacci,2000,Warner Books
Without Remorse,738,399138250,Tom Clancy,1993,Putnam Publishing Group
"Wizard and Glass (The Dark Tower, Book 4)",739,452279178,Stephen King,1997,Plume Books
Wuthering Heights,740,553212583,EMILY BRONTE,1983,Bantam
Year of Wonders,741,142001430,Geraldine Brooks,2002,Penguin Books
You Belong To Me,742,671004549,Mary Higgins Clark,1999,Pocket Books
Zen and the Art of Motorcycle Maintenance: An Inquiry into Values,743,553277472,ROBERT PIRSIG,1984,Bantam
Zoya,744,440203856,Danielle Steel,1989,Dell
"\O\"" Is for Outlaw""",745,449003787,SUE GRAFTON,2001,Ballantine Books